,0,1
0,573,14.812558672331198
1,3295,13.34025796297339
2,4467,12.966122022379533
3,3085,12.021539871018181
4,7466,11.831459773735126
5,7979,11.529084529875014
6,1979,10.970536298669991
7,13935,10.399247239996406
8,5840,10.22309100151147
9,2589,9.933914480845257
10,5468,9.781022644157552
11,363,9.78046060879513
12,891,9.626174465572866
13,2787,9.596173506004334
14,3063,9.568114386404147
15,4981,9.568114386404147
16,2786,9.558797775297187
17,13638,9.546544235355201
18,4983,9.382176927006556
19,14103,9.284568711405345
20,14876,9.278718294703367
21,5138,9.15469383321094
22,11818,9.126452986151968
23,3048,9.126324650867485
24,1128,9.114191172492522
25,8230,9.05895068203673
26,11056,8.964950738672917
27,361,8.944660943586621
28,12734,8.899193991028865
29,13986,8.873470510048378
30,6962,8.868126559030605
31,6917,8.842242813529397
32,2805,8.82456161794031
33,2785,8.81491921996492
34,9786,8.794234682684928
35,2784,8.702908830642318
36,1368,8.627227159957101
37,1964,8.592931007267683
38,10905,8.571361854066918
39,12577,8.558723784867889
40,41,8.490427294523087
41,952,8.45961979487839
42,9076,8.435406520887907
43,3612,8.415429416750474
44,1071,8.392995105083882
45,5804,8.365873775189096
46,4666,8.339389411046515
47,9077,8.256135110032025
48,5765,8.242537585137601
49,7126,8.2150104883048
50,783,8.16364581976481
51,5825,8.132888446071215
52,8469,8.086061412651201
53,7969,8.065983750219651
54,2670,8.053322248882031
55,10915,8.02286302419555
56,1352,7.969136974256852
57,9269,7.931858923726811
58,844,7.895074200770057
59,9079,7.894731575619881
60,14915,7.872490945028933
61,13909,7.859884673004704
62,1383,7.850808562363712
63,10169,7.81815380102228
64,14050,7.787422412950478
65,6965,7.776863716285577
66,4665,7.767494033277145
67,14628,7.764039059616143
68,14602,7.714560279734291
69,5595,7.695353604714487
70,14697,7.5242748850840435
71,2731,7.411681933058291
72,12122,7.395892142012662
73,1507,7.386517316045111
74,4287,7.353547445820535
75,4576,7.352342531005066
76,14490,7.318743371704764
77,7948,7.310739005907218
78,11912,7.280828964611606
79,9078,7.269418767267982
80,12299,7.116515793798337
81,6930,7.0846623535881506
82,13251,6.997133798410746
83,8468,6.991031293961284
84,7300,6.944490227188378
85,655,6.931856838597055
86,333,6.922882140826299
87,940,6.9063706230596775
88,1301,6.905374687391486
89,10766,6.895558433436438
90,332,6.890919081883119
91,12,6.887980994429508
92,5452,6.8837868244056475
93,76,6.8684701006179845
94,12401,6.851174817214333
95,1776,6.84285315826639
96,14875,6.8379212014166395
97,6094,6.827974989016942
98,11961,6.80567178804567
99,3999,6.804206484309898
100,2290,6.796072236766585
101,5702,6.7868481489125445
102,955,6.782015443000869
103,87,6.779466238951618
104,5373,6.77499950380756
105,3977,6.763093191541655
106,9153,6.755054246456637
107,12322,6.749195526757321
108,12461,6.746439924541531
109,231,6.740413363354913
110,12086,6.730838915525996
111,5201,6.727349606110743
112,754,6.719872730065409
113,951,6.717242816311504
114,12434,6.715165812334885
115,1769,6.70042126793685
116,1369,6.694038664794283
117,672,6.6845833413868325
118,8986,6.683491827345801
119,12477,6.660839660028545
120,3951,6.651038887439292
121,11899,6.6507432406561575
122,11901,6.6507432406561575
123,3813,6.632008154201216
124,12146,6.627753652313358
125,13485,6.616620991906246
126,3984,6.607428659612602
127,942,6.607301045267569
128,377,6.6042664758862255
129,344,6.59848413294679
130,944,6.5952615165180735
131,5257,6.590605070314227
132,902,6.589870318448549
133,645,6.577131281078164
134,5841,6.573180947167961
135,482,6.571963141246993
136,128,6.5648274907110675
137,3972,6.563045998572018
138,3955,6.553103684022973
139,3968,6.538206247231754
140,5836,6.5337503007281565
141,7443,6.529380413600152
142,12161,6.515994755248936
143,202,6.500763906524713
144,1762,6.4888040108360725
145,550,6.481847705843514
146,7221,6.481825182944027
147,769,6.4792616193080805
148,544,6.4786568112755525
149,8192,6.477447533882863
150,816,6.475187666099839
151,2052,6.472459486617717
152,188,6.4602969185921415
153,4099,6.454022261370932
154,484,6.451606945287038
155,13840,6.44084680921366
156,4611,6.420724698918706
157,84,6.418478464622086
158,12072,6.408248566712563
159,5806,6.40295320385471
160,11835,6.383424203757957
161,1334,6.381195498607891
162,12047,6.374332275964363
163,4375,6.365519766180853
164,3952,6.361080428118413
165,10462,6.358825146816801
166,12000,6.356065143030253
167,3297,6.3517098158992376
168,10677,6.332495537781764
169,11844,6.305820632763821
170,156,6.303579507051256
171,2959,6.284100801469566
172,12313,6.2801055871334075
173,704,6.267640247890734
174,895,6.25251679880621
175,12428,6.241905403258911
176,3669,6.232546467760276
177,12519,6.227411021624498
178,12552,6.227411021624498
179,837,6.221469086463687
180,5826,6.212055335597871
181,3684,6.21183294207536
182,609,6.210817712927867
183,351,6.210779112705989
184,1828,6.190092173412076
185,797,6.187448735987313
186,961,6.185402609422206
187,71,6.180086179912257
188,3564,6.167811815322688
189,3947,6.154557595119458
190,408,6.136724545706938
191,12535,6.13167199418347
192,3966,6.108874282579571
193,956,6.093432133623849
194,6086,6.082681163829032
195,831,6.080642064542344
196,3679,6.078118217462208
197,4759,6.055261642208873
198,10478,6.050429782503193
199,8451,6.0208598110092515
200,744,6.020586687259085
201,7429,6.020527364284406
202,7953,6.007161833254959
203,3622,6.0037243021845175
204,1834,5.997253533304509
205,12068,5.983405351544749
206,917,5.97163088795898
207,7951,5.946603030507301
208,7954,5.940760162134497
209,9007,5.939911045541461
210,636,5.939378812695091
211,3957,5.903561721995044
212,7240,5.8975789037248445
213,3158,5.887813332796258
214,11777,5.878731743019437
215,941,5.863485833124679
216,7282,5.827896079437135
217,2992,5.826535510744404
218,9064,5.816190433075036
219,975,5.813662664911218
220,1491,5.807426983644833
221,954,5.806683505276718
222,7102,5.801365563549398
223,3710,5.771098493113557
224,774,5.758356877421287
225,7378,5.74210894443619
226,12310,5.728289453761207
227,142,5.721513646539192
228,483,5.717517185772341
229,10212,5.704032382808095
230,165,5.694539538558011
231,3938,5.687934344847556
232,14637,5.673404233906811
233,939,5.6692275634612015
234,3950,5.667456207090869
235,5785,5.667120745781652
236,3625,5.663896749529029
237,7950,5.655087638743453
238,765,5.643610940997291
239,5989,5.62438134018964
240,10971,5.620460103777712
241,3452,5.619154239726401
242,7952,5.604416389366464
243,4425,5.597591961250739
244,2688,5.592634706050655
245,943,5.585432997771252
246,200,5.580316958977499
247,2764,5.556677077753727
248,11898,5.555635040905345
249,115,5.554683728457896
250,11905,5.548497439861626
251,3574,5.539358942936803
252,8755,5.520392936123308
253,2410,5.499073437442031
254,3375,5.496611650569032
255,11302,5.491420535612896
256,8756,5.482669298301657
257,8757,5.446542350916286
258,6213,5.434851564920884
259,268,5.429970660474624
260,7923,5.421818502116864
261,4655,5.415703497082728
262,12048,5.412956317424888
263,981,5.408059767249971
264,9318,5.398457233036909
265,6556,5.396048267257996
266,8371,5.385781564133085
267,129,5.379245517017986
268,9720,5.372022182349182
269,9441,5.3704496942524615
270,12283,5.368282378877808
271,8240,5.367253427086676
272,5941,5.349858091661202
273,3975,5.348423782322842
274,8780,5.332170670532264
275,4264,5.319757898811756
276,14662,5.306673321829683
277,341,5.299098490454438
278,4682,5.296869404094448
279,12824,5.282893193205742
280,950,5.275978367608886
281,8372,5.237979404504205
282,3998,5.221304672902955
283,9542,5.218235878583915
284,6085,5.20553708767597
285,13154,5.201093044360018
286,1876,5.201059207397667
287,11735,5.192261404744106
288,8384,5.186245001859023
289,8660,5.180532936687148
290,3715,5.17881841704113
291,189,5.162537892915472
292,8881,5.1528634242164735
293,5140,5.15237755750927
294,1802,5.135540220058044
295,301,5.134836672340838
296,8565,5.13169965946298
297,786,5.1188638508291175
298,13617,5.109907991072886
299,8959,5.104491313422068
300,11541,5.1038266749500485
301,7444,5.100898297280196
302,2516,5.071094104358003
303,3986,5.070247137467298
304,13453,5.066327489813829
305,3971,5.042760226278661
306,1158,5.0239994708074
307,4243,5.006178805993099
308,627,4.979381431420517
309,12191,4.9783708451764905
310,12324,4.96746383229851
311,2530,4.95286722882185
312,2655,4.951192629293998
313,7715,4.947141470298541
314,12511,4.939762059982062
315,4003,4.935729577191092
316,2964,4.931703672714539
317,3706,4.921561144426921
318,4428,4.904181951961958
319,12309,4.891802922529121
320,12533,4.874057463158503
321,12908,4.856440284967245
322,13026,4.842678870944162
323,2178,4.8365397214580925
324,4476,4.81094884520097
325,5827,4.79162444394702
326,938,4.777855382321694
327,9776,4.775882755352134
328,1501,4.760840518707918
329,3815,4.760840518707918
330,5843,4.736597949281805
331,2493,4.734701296915375
332,236,4.727339495583253
333,7738,4.718220703564857
334,12235,4.708930748305269
335,5982,4.701181440776859
336,7432,4.697789646495915
337,3941,4.696212457894619
338,13220,4.695248198937282
339,7737,4.690173544258986
340,12574,4.690173544258986
341,10002,4.669984147746741
342,12236,4.665329292730341
343,10070,4.658081928573759
344,7871,4.622723899987453
345,3235,4.590935292008039
346,342,4.580504655911317
347,5884,4.575305416533692
348,80,4.565020466436498
349,828,4.5444336646533
350,4532,4.535833323757039
351,12323,4.50877376849956
352,4832,4.480449850511469
353,4548,4.479566364842424
354,8383,4.463440138127535
355,7112,4.45855399951729
356,7870,4.451992308542962
357,7081,4.434444953814784
358,9859,4.38771026280192
359,4368,4.369069479163226
360,4939,4.365533993273754
361,7040,4.359239030175156
362,6981,4.3586915052805
363,6184,4.295378832915672
364,13035,4.289720721695111
365,5915,4.274557018580629
366,1837,4.271537133365014
367,175,4.2444813614225705
368,4422,4.217899689429097
369,8333,4.217094376057229
370,8551,4.212158125610257
371,10477,4.209090804594285
372,10467,4.157000604804462
373,11842,4.13992253876675
374,7686,4.108974475279783
375,7687,4.10339719933942
376,1027,4.078423264985675
377,3996,4.075673973924832
378,10346,4.070248926148133
379,13129,4.067448644762376
380,553,4.040330025487336
381,10379,4.033834899652621
382,9197,4.0134497293686815
383,7689,4.006800509531811
384,5545,4.006064267046111
385,9345,3.9986848284520033
386,4019,3.9949471576114
387,11804,3.9844166111702033
388,9756,3.977803788006261
389,6574,3.972576688379115
390,14522,3.9712398067464956
391,5601,3.967608909178823
392,14473,3.9603669960268966
393,10481,3.950572488182296
394,183,3.9479928931466604
395,5507,3.9318444750952137
396,10389,3.9122290805787148
397,7688,3.89578683030642
398,10475,3.8845802861656624
399,12215,3.8702972452429445
400,4358,3.863405905153809
401,8918,3.8426107134504544
402,13010,3.8401701393914065
403,7908,3.8391306280962656
404,6214,3.8291707888725552
405,3394,3.8207565893582838
406,7949,3.8207565893582838
407,9248,3.8039300398729368
408,12793,3.7647946493971554
409,2961,3.749671424669978
410,12788,3.7472947502459193
411,10616,3.743814275035163
412,13158,3.7402520031342363
413,2962,3.735770624455863
414,9122,3.7299567879646816
415,6437,3.726560542164098
416,10228,3.726560542164098
417,841,3.7151116046350583
418,2429,3.7151116046350583
419,14408,3.6924234849431516
420,9597,3.6901699048251357
421,1922,3.670010795083295
422,1944,3.670010795083295
423,3044,3.6633399484874363
424,12373,3.6633399484874363
425,11242,3.6605797734772088
426,11903,3.6500707439230453
427,1934,3.63620539599135
428,2643,3.6156228585424426
429,8553,3.6095378488903367
430,8297,3.5916131679971164
431,8573,3.587268054078976
432,13964,3.58514096733034
433,4389,3.5766577859608595
434,4565,3.5745432597078137
435,12040,3.5703216990127906
436,12325,3.5703216990127906
437,10741,3.541047683721072
438,10742,3.5265899601426365
439,4858,3.5224808409651893
440,12885,3.5142912630514846
441,9148,3.5064002043947777
442,8081,3.496003220583157
443,10661,3.477904531257901
444,385,3.4604581241673116
445,10668,3.454062446763263
446,10735,3.450120510654302
447,3437,3.445211138251146
448,3930,3.445211138251146
449,10734,3.442263569287738
450,7829,3.4383485027704004
451,7274,3.4373772524073023
452,12374,3.4363943072211973
453,13600,3.4344423317558537
454,43,3.434080371922649
455,444,3.4324925725932913
456,6858,3.429171544492774
457,3768,3.4227768895839086
458,6135,3.417837313253127
459,7396,3.4129869903740198
460,8343,3.406541267135509
461,7208,3.4035095964091857
462,9741,3.375011969837782
463,10015,3.3674930206772777
464,2677,3.3600074989105413
465,8129,3.3581413153907995
466,12632,3.3581413153907995
467,6165,3.354415160438578
468,9314,3.35255518211706
469,13066,3.344913126762558
470,13169,3.3387334175123575
471,12921,3.3377492835905853
472,4740,3.3372124857912016
473,10061,3.335907736294782
474,1883,3.3249009855203018
475,987,3.322577847551376
476,3575,3.3223344241765425
477,6395,3.3212481915389476
478,7803,3.31318058916508
479,6473,3.310337807675383
480,13234,3.3096573362585624
481,7222,3.2985579991499945
482,14321,3.297031045905634
483,10848,3.290037714253447
484,2734,3.275103263683077
485,4318,3.2740899796141862
486,2218,3.27093904515128
487,3305,3.2691704633462115
488,14205,3.2651997088985123
489,8224,3.2638761745167093
490,8640,3.2573376800008123
491,481,3.2463517251517406
492,14061,3.241131027410335
493,4854,3.235927094287006
494,1379,3.234196161433681
495,9331,3.229014455811856
496,12576,3.222131288155264
497,11788,3.218700697051171
498,1227,3.216988139444701
499,2405,3.213568485570751
500,1714,3.210970874965403
501,11816,3.2101560941513525
502,5473,3.2067509420757023
503,5818,3.206193004034542
504,10262,3.203353006330951
505,7438,3.1953283119009215
506,3327,3.193202268412056
507,7182,3.1923210343038133
508,5355,3.1893574423964663
509,2490,3.188150985422806
510,9678,3.183115658304111
511,2161,3.1816858756061697
512,11829,3.179767600636028
513,1603,3.1742415403532416
514,6389,3.1742204171277604
515,9306,3.173092570224512
516,3208,3.1681046597213323
517,6472,3.1681046597213323
518,3463,3.1617225411616445
519,14633,3.1603376341502063
520,6700,3.159826232024417
521,12145,3.159826232024417
522,4137,3.159614241494098
523,815,3.1575714566678212
524,455,3.146555001340085
525,1892,3.142443622912057
526,5892,3.1301737004515844
527,11793,3.1301737004515844
528,1228,3.1239092836836098
529,7707,3.117466473566655
530,541,3.098296515998237
531,6827,3.096709656037558
532,55,3.0886343213511935
533,7660,3.0820075827438465
534,784,3.077793350217946
535,9257,3.070233832656431
536,662,3.0689278977994863
537,6945,3.067623073438241
538,3040,3.0622054035664092
539,12691,3.052928195561522
540,4882,3.049471345906694
541,7372,3.036636791889026
542,442,3.033019159592625
543,8643,3.0299792550958697
544,12240,3.02959486760026
545,7777,3.0269454381087155
546,60,3.026446673300189
547,795,3.02390982070744
548,7741,3.0208959936667448
549,2369,3.013368106512729
550,3737,3.008777569584546
551,5923,3.00834041770275
552,6166,3.0058776441626596
553,6185,3.0028918757146887
554,77,2.998773261092556
555,2035,2.998773261092556
556,14131,2.9937678292016052
557,5110,2.990130138880995
558,6183,2.9821564341913476
559,6442,2.9789629140072837
560,1866,2.9777334543224074
561,7501,2.9765050090493053
562,1990,2.9736240368424083
563,1621,2.9703779550094955
564,7536,2.9679895919549133
565,13529,2.9594125894375876
566,3978,2.957359465479525
567,5440,2.956986826937192
568,6745,2.955913656241929
569,3448,2.955775436332409
570,5729,2.9545650378634396
571,821,2.9515159794557815
572,13734,2.9461199262928925
573,7765,2.941532937417402
574,8216,2.9396997720547007
575,8271,2.9349165328462217
576,13249,2.934193034696165
577,8858,2.9341388877725167
578,12769,2.931754364206022
579,13599,2.9270508090148284
580,505,2.9258749013305847
581,1691,2.9222549015743806
582,3319,2.9222549015743806
583,3841,2.9222549015743806
584,12586,2.918812586022862
585,35,2.908173765721299
586,3860,2.907583522682453
587,124,2.904789743785879
588,13530,2.901157495861626
589,5639,2.89064378673493
590,523,2.889486133293362
591,5824,2.8881391701374466
592,11672,2.887226033282491
593,14595,2.887226033282491
594,4432,2.887173605906474
595,5757,2.886018729737544
596,7460,2.8825596380244605
597,1865,2.8814084493660146
598,3578,2.8768128749183717
599,6821,2.87440881444846
600,7375,2.8733758025676113
601,7167,2.871140824928423
602,10102,2.85945542352722
603,12612,2.8581816399998496
604,3522,2.858103735541971
605,12786,2.85675332486088
606,4706,2.849544349617681
607,4085,2.843928345075296
608,13988,2.8428077995033503
609,3934,2.842222454231888
610,1359,2.8405693553326765
611,13238,2.833875123750488
612,14212,2.8294298040546724
613,406,2.8227879122164676
614,14640,2.8205808723565564
615,8897,2.819478646126729
616,3794,2.8181390141322074
617,520,2.8172767760157598
618,2675,2.815128184048216
619,7767,2.806366628920597
620,5109,2.8052277013713045
621,7172,2.8052277013713045
622,4406,2.8019594564416797
623,13659,2.7976628495016174
624,31,2.7976136242949425
625,14573,2.7925441453876183
626,7278,2.792200254733487
627,2743,2.79112009381155
628,6621,2.788248263321665
629,4230,2.784656637741018
630,5,2.782557494588537
631,10999,2.7814361223948754
632,10188,2.780364272017281
633,6772,2.779276529595784
634,5899,2.77799956437664
635,12532,2.7760851187283975
636,12790,2.7716322993548927
637,5174,2.7697392764528503
638,44,2.7696910289709336
639,13366,2.7686282098976704
640,1175,2.765444641102586
641,8989,2.76438507785751
642,8307,2.7633743522228498
643,6762,2.760154931756681
644,443,2.7577265424381405
645,334,2.757038614404832
646,4551,2.754933152996812
647,13302,2.754933152996812
648,6221,2.752704436051058
649,8856,2.751733359642831
650,4047,2.746495924141604
651,4751,2.742320308596689
652,3149,2.7402844852545867
653,13301,2.738204525618625
654,524,2.732971437798037
655,2020,2.72991616655729
656,3409,2.7278051117424376
657,3532,2.72710215216692
658,564,2.7264151382935564
659,7108,2.725790774816757
660,3407,2.722658281363985
661,4560,2.721631245062107
662,7502,2.7206049833016634
663,12251,2.718531539325947
664,11055,2.711449575853415
665,2460,2.7100300251241514
666,14306,2.70737976638143
667,4553,2.705349439711736
668,8393,2.704680766963095
669,5430,2.7012979082243844
670,3464,2.698221424750873
671,8983,2.6972127383536884
672,5438,2.695243313396445
673,13434,2.6932311419765496
674,725,2.6914371055604374
675,3206,2.6902395647394672
676,4810,2.6871671988159003
677,13497,2.6852124111359155
678,13549,2.6752558961589954
679,9019,2.6732285016139663
680,1533,2.6702604302876836
681,2437,2.6702604302876836
682,5439,2.6653729440593588
683,4285,2.664344016428009
684,617,2.663345624430087
685,3506,2.6584537622393865
686,1855,2.651658852467005
687,14675,2.650131592762047
688,201,2.648694335025116
689,14374,2.648694335025116
690,3920,2.646667592876543
691,371,2.643841442999023
692,10853,2.6428729977445338
693,9152,2.6419052617177403
694,6763,2.6390063012211824
695,4768,2.6386699904352464
696,3153,2.637431554690519
697,6527,2.636157401689667
698,3523,2.635150902629424
699,2610,2.634188812482711
700,2911,2.634188812482711
701,8894,2.6323103166125574
702,431,2.626560696472437
703,7913,2.620792939458677
704,14756,2.620792939458677
705,12791,2.6191515231910727
706,6955,2.616041658138227
707,6343,2.6151364800493475
708,14649,2.6113504601978743
709,2993,2.611307573004387
710,4315,2.6094187329863594
711,14183,2.607575386791984
712,1124,2.605691940181264
713,2200,2.6056492386489
714,51,2.601251050946122
715,8931,2.600057889968939
716,12319,2.600015372894696
717,5102,2.598185283551334
718,3419,2.5966547636127943
719,1399,2.596315372559145
720,14888,2.596315372559145
721,3993,2.5925413406222306
722,2546,2.592201707874392
723,4986,2.5907217540636185
724,8671,2.587006046020853
725,10732,2.587006046020853
726,3962,2.5851521860387123
727,10139,2.5851521860387123
728,3366,2.5814524255724165
729,1674,2.5777632398533767
730,5119,2.5777632398533767
731,9539,2.5777632398533767
732,4552,2.5759225983662226
733,7446,2.5759225983662226
734,13224,2.568586243606839
735,7214,2.564933714668848
736,1437,2.564892338552488
737,7130,2.5630700255108447
738,1613,2.557659731786525
739,13749,2.555847677916218
740,2893,2.554038189840343
741,732,2.5522312621131653
742,143,2.5486250659989085
743,3613,2.5458659522647515
744,6508,2.5450290463145913
745,4050,2.5449883098839434
746,13697,2.541443160045158
747,5648,2.540507673689225
748,13120,2.539654003565062
749,2882,2.5378673644176457
750,3982,2.5378268569262774
751,6759,2.5378268569262774
752,493,2.5325224979552727
753,1,2.5289717433742247
754,2277,2.528249453065794
755,6761,2.528045414089542
756,11668,2.523664241245695
757,1962,2.520138265588107
758,3705,2.520138265588107
759,14398,2.5183789699576655
760,10847,2.514867737354375
761,7456,2.513115790128915
762,9084,2.513115790128915
763,4556,2.513076068909597
764,5586,2.5122010379867428
765,986,2.510730790888656
766,2730,2.5096192083058275
767,7136,2.5096192083058275
768,1803,2.5087069993812308
769,10812,2.50787456354097
770,4331,2.5034841270537704
771,1131,2.502655153126
772,13631,2.502655153126
773,118,2.5009201741662848
774,5996,2.5009201741662848
775,4878,2.4991875991067856
776,374,2.495729640731744
777,11304,2.495729640731744
778,13488,2.494004247472347
779,4603,2.4905606080531384
780,3631,2.4866573393035147
781,507,2.4854129428126597
782,13268,2.4819929714469304
783,9343,2.4819542279556663
784,1965,2.479395499453225
785,9067,2.4785823990280544
786,872,2.4768806253238655
787,4881,2.474293837147599
788,682,2.4734840788424948
789,2684,2.4734840788424948
790,4184,2.4717892964715187
791,5589,2.4700584619822394
792,1830,2.466718855550189
793,5723,2.464153238204505
794,4709,2.463350102617054
795,3979,2.4624712139830875
796,913,2.4599905384238525
797,10860,2.4599905384238525
798,14871,2.4583141903641903
799,7515,2.453298826284963
800,5725,2.4515937813733037
801,8249,2.4507610348015683
802,3072,2.449966603862383
803,5231,2.4483038848705005
804,5519,2.448266185995163
805,964,2.446643421223192
806,12965,2.4466057734656137
807,6292,2.4449852083347783
808,6660,2.441675516553987
809,3778,2.4416380215274147
810,5029,2.440024028552198
811,13527,2.4383747730903966
812,2898,2.4367277456446006
813,5880,2.4367277456446006
814,7490,2.4367277456446006
815,503,2.4350829417030426
816,4227,2.4334403567661296
817,5556,2.4334403567661296
818,8893,2.4334403567661296
819,13944,2.431799986346399
820,11161,2.4317503968130145
821,8285,2.4301618259684825
822,8559,2.4301618259684825
823,4353,2.4285258711690627
824,13498,2.4285258711690627
825,5650,2.426892117496831
826,4777,2.4236311957885115
827,9944,2.4236311957885115
828,5220,2.420379025471743
829,14216,2.420379025471743
830,4335,2.4187562110833882
831,10782,2.417135571364346
832,13351,2.417135571364346
833,13618,2.417135571364346
834,11542,2.417071850922142
835,66,2.415517101946262
836,7296,2.415517101946262
837,4072,2.413900798472473
838,10720,2.413900798472473
839,5724,2.4122500587390774
840,2843,2.4090283401590624
841,5419,2.405851618598257
842,14031,2.405851618598257
843,1278,2.4026469570738125
844,8599,2.4026469570738125
845,9085,2.4026469570738125
846,14217,2.4026469570738125
847,47,2.400212824488232
848,9533,2.3994146121678326
849,6948,2.3986169305762783
850,1499,2.397855940486857
851,1581,2.397855940486857
852,11057,2.397855940486857
853,14576,2.397855940486857
854,3383,2.396263178165632
855,12866,2.3930839930017336
856,3517,2.39304797548345
857,5279,2.391497561753884
858,12590,2.3914615919731204
859,8666,2.3903160439717257
860,7170,2.3899132324772103
861,3843,2.3898773103391227
862,4132,2.388331000996911
863,386,2.3867508631492322
864,7134,2.3867508631492322
865,4795,2.385172814781431
866,2385,2.383596851751742
867,14538,2.383596851751742
868,1921,2.3812011463954397
869,7796,2.3804511651942915
870,10808,2.3804511651942915
871,4619,2.378881433437549
872,8529,2.378881433437549
873,7888,2.377313770560883
874,14024,2.376495192705435
875,5096,2.3757481724768637
876,1226,2.374184635108821
877,12685,2.3733682103687457
878,12615,2.3726231543908103
879,82,2.3710637262675744
880,710,2.369506346694513
881,1025,2.369506346694513
882,7732,2.369471035393537
883,689,2.367951011637644
884,4236,2.3671388677211573
885,4440,2.363297233382933
886,7468,2.363297233382933
887,9086,2.361750036262187
888,4305,2.3609421395883814
889,13179,2.358661711562784
890,13475,2.3578559260271317
891,4727,2.3571205760525213
892,4625,2.3525092295070973
893,14758,2.3525092295070973
894,13368,2.3509761208881073
895,2521,2.3494450091933015
896,3331,2.3494102932804335
897,4960,2.348645507658851
898,651,2.34791589052363
899,1488,2.346388760990189
900,4739,2.344863616714182
901,12618,2.344863616714182
902,1591,2.3418192684696555
903,14325,2.3403000567938075
904,7187,2.3387828149606738
905,8541,2.3387828149606738
906,14141,2.3387828149606738
907,263,2.3372675391415254
908,6581,2.3372675391415254
909,8708,2.3372675391415254
910,1330,2.3357542255175496
911,4555,2.334242870279818
912,7137,2.334242870279818
913,8021,2.3327334696292525
914,989,2.3312260197765973
915,4348,2.3297205169423827
916,6721,2.3297205169423827
917,2145,2.328216957356898
918,3015,2.328216957356898
919,4349,2.328216957356898
920,8291,2.328216957356898
921,7138,2.326715337260157
922,773,2.325215652901866
923,2146,2.325215652901866
924,5873,2.325215652901866
925,14849,2.325215652901866
926,6995,2.324432553787875
927,7315,2.3237179005413964
928,4781,2.3207281768995296
929,6975,2.3207281768995296
930,5147,2.319236198184908
931,10834,2.319236198184908
932,1867,2.317746136601597
933,9217,2.316257988456816
934,4563,2.3147717500672633
935,6028,2.3147717500672633
936,3467,2.3132874177590854
937,10134,2.3132874177590854
938,1847,2.3103244567384915
939,8685,2.3103244567384915
940,12923,2.3103244567384915
941,13461,2.3095513541193893
942,2935,2.308845820725333
943,14489,2.308845820725333
944,3152,2.3073690761920034
945,3430,2.3073690761920034
946,7018,2.3073690761920034
947,8782,2.3073690761920034
948,555,2.305894219511435
949,13574,2.305894219511435
950,5821,2.3044212470658265
951,11568,2.3044212470658265
952,4608,2.3021819792475426
953,4094,2.301480940454451
954,5310,2.301480940454451
955,4252,2.297084522384193
956,7395,2.297084522384193
957,14806,2.297084522384193
958,962,2.295918589023041
959,5506,2.295622779889814
960,4275,2.2941628965628156
961,6946,2.2941628965628156
962,1151,2.2927048688584835
963,4567,2.2927048688584835
964,8939,2.2927048688584835
965,5443,2.2912486932411094
966,3229,2.28979436618396
967,14897,2.28979436618396
968,2301,2.2897613907022323
969,2863,2.288308950508537
970,949,2.2868912436881232
971,7082,2.2868912436881232
972,6771,2.2854424412405994
973,2409,2.2825503364907727
974,12661,2.2825503364907727
975,5515,2.2817957071829764
976,12660,2.281107027232732
977,12662,2.281107027232732
978,14863,2.281107027232732
979,54,2.279665542096766
980,7525,2.2782258776269426
981,2709,2.2767880303760535
982,9203,2.2767880303760535
983,9670,2.2767880303760535
984,9025,2.275351996905586
985,13030,2.275351996905586
986,13867,2.275351996905586
987,3440,2.2739177737856995
988,9294,2.2739177737856995
989,13938,2.2739177737856995
990,8857,2.272485357595194
991,7562,2.272452878762042
992,4833,2.2710547449214853
993,10222,2.268198916517032
994,8387,2.266773694003951
995,14609,2.266773694003951
996,8201,2.263928615464082
997,7106,2.2610906698154243
998,3702,2.2598768544359245
999,5169,2.2596743634479606
1000,8238,2.2596743634479606
1001,10784,2.2596743634479606
1002,3,2.258259830267274
1003,3500,2.258259830267274
1004,7393,2.258259830267274
1005,8367,2.258259830267274
1006,5513,2.2554360701629244
1007,11959,2.2554360701629244
1008,14311,2.254699259860916
1009,7360,2.254026836608388
1010,5553,2.2526193629788303
1011,14850,2.2526193629788303
1012,10899,2.251213645979478
1013,13714,2.249809682323777
1014,11630,2.2484074687333675
1015,4517,2.247007001938057
1016,5610,2.247007001938057
1017,8594,2.247007001938057
1018,11822,2.246442549294209
1019,12568,2.246442549294209
1020,12603,2.246442549294209
1021,5236,2.2442112956926503
1022,13099,2.2442112956926503
1023,12419,2.2428160497427805
1024,8923,2.241422537588413
1025,14139,2.241422537588413
1026,13312,2.2400307559998156
1027,2531,2.237252371641063
1028,5505,2.237252371641063
1029,13174,2.237252371641063
1030,4850,2.2358657624514287
1031,5868,2.2358657624514287
1032,14363,2.2358657624514287
1033,1432,2.234480870988557
1034,1451,2.234480870988557
1035,519,2.233097694062553
1036,4369,2.233097694062553
1037,7123,2.233097694062553
1038,13605,2.233097694062553
1039,79,2.2317162284914147
1040,3520,2.2317162284914147
1041,4114,2.2317162284914147
1042,5805,2.2317162284914147
1043,8776,2.2317162284914147
1044,5671,2.2309948319076276
1045,8601,2.2303364711010087
1046,1721,2.2289584187250484
1047,4648,2.2289584187250484
1048,7053,2.2289584187250484
1049,8467,2.2289584187250484
1050,8571,2.2289584187250484
1051,4095,2.2275820682050655
1052,8275,2.226176246906738
1053,1415,2.224834460138119
1054,5584,2.224834460138119
1055,12642,2.224834460138119
1056,2069,2.2234631963131077
1057,2206,2.2220936217879284
1058,8311,2.2220936217879284
1059,5641,2.2193595281658443
1060,9132,2.2166321544060508
1061,5447,2.215240115744918
1062,13882,2.2125536394144336
1063,1011,2.2111974676197304
1064,5540,2.2111974676197304
1065,4093,2.2098429573217393
1066,12689,2.2098429573217393
1067,1650,2.208490105468988
1068,6983,2.2071389090174716
1069,6077,2.2044414701793196
1070,7403,2.2044414701793196
1071,12475,2.2044414701793196
1072,4920,2.2030646960891898
1073,6826,2.20040765175808
1074,6967,2.20040765175808
1075,8700,2.1990663242051816
1076,7379,2.1977266309526704
1077,8744,2.1977266309526704
1078,3989,2.1963885690154688
1079,8175,2.1963885690154688
1080,13256,2.1963885690154688
1081,8749,2.195052135415762
1082,5238,2.1937173271829824
1083,8174,2.1937173271829824
1084,8514,2.1937173271829824
1085,100,2.192384141353781
1086,13917,2.192384141353781
1087,136,2.1897226250886934
1088,2716,2.1897226250886934
1089,13946,2.1897226250886934
1090,576,2.1883942887620202
1091,5222,2.1883641691338553
1092,8195,2.1877006233997207
1093,4343,2.1870675630573073
1094,1574,2.185742445046984
1095,4493,2.185742445046984
1096,5830,2.185742445046984
1097,5838,2.1844189318105727
1098,4836,2.1830970204346634
1099,7067,2.1830970204346634
1100,8173,2.1817767080128947
1101,8955,2.1817767080128947
1102,14545,2.1817767080128947
1103,5444,2.1791408684414453
1104,5809,2.1791408684414453
1105,2489,2.17782533551409
1106,7091,2.17782533551409
1107,1062,2.1765113899854858
1108,7959,2.175199028984191
1109,7101,2.1738882496456897
1110,3958,2.173203748457809
1111,3617,2.172579049112363
1112,4026,2.172579049112363
1113,4235,2.172579049112363
1114,3248,2.168660891870328
1115,8834,2.168660891870328
1116,1967,2.1682975719806095
1117,6778,2.16605662898716
1118,2891,2.1647568416587335
1119,4725,2.1647568416587335
1120,1773,2.1634586133236375
1121,4857,2.1634586133236375
1122,14808,2.159573254280347
1123,3098,2.158897736854213
1124,9142,2.158281233954087
1125,8965,2.1557018256653473
1126,1716,2.1544144321699363
1127,5920,2.1544144321699363
1128,7508,2.1544144321699363
1129,14671,2.1544144321699363
1130,10285,2.1531285754295517
1131,4300,2.1505614612204846
1132,3390,2.1492801982714873
1133,8797,2.1492801982714873
1134,11216,2.1492801982714873
1135,14591,2.1492801982714873
1136,9289,2.1480004611168493
1137,30,2.145445553301644
1138,1354,2.145445553301644
1139,5171,2.145445553301644
1140,8534,2.145445553301644
1141,10662,2.145445553301644
1142,11584,2.145445553301644
1143,4678,2.1441703772127565
1144,4834,2.1441703772127565
1145,4861,2.142896716061546
1146,8214,2.142896716061546
1147,12714,2.1416245671499454
1148,68,2.1409602300814816
1149,1741,2.140353927786292
1150,7298,2.140353927786292
1151,9206,2.140353927786292
1152,633,2.1378171669680697
1153,12638,2.135286412200909
1154,10843,2.1340232804248123
1155,8927,2.132761642180085
1156,5608,2.1315014948193585
1157,12282,2.1315014948193585
1158,2873,2.1302428357015155
1159,14948,2.1302428357015155
1160,13708,2.12895715567868
1161,2810,2.1277299716611675
1162,3943,2.1277299716611675
1163,4862,2.1277299716611675
1164,7133,2.1277299716611675
1165,14663,2.1277299716611675
1166,5033,2.1264757614875296
1167,4631,2.1245688270599468
1168,737,2.121473672128208
1169,7000,2.121473672128208
1170,7037,2.121473672128208
1171,3466,2.1189814418580872
1172,13027,2.1177375212702376
1173,4806,2.1164950602804633
1174,9156,2.1164950602804633
1175,703,2.1152540563212647
1176,5080,2.1152540563212647
1177,8828,2.1152540563212647
1178,7190,2.112776409254665
1179,5105,2.111539761042286
1180,14415,2.111539761042286
1181,101,2.1090708025416904
1182,1395,2.1090708025416904
1183,3128,2.1090708025416904
1184,8878,2.1090708025416904
1185,9857,2.1090708025416904
1186,10257,2.1078384871842357
1187,13052,2.1078384871842357
1188,4694,2.106607611052386
1189,5563,2.106607611052386
1190,14691,2.106607611052386
1191,4282,2.1053781716262967
1192,13365,2.1053781716262967
1193,1926,2.1041501663920035
1194,3423,2.1029235928414027
1195,3592,2.101698448472237
1196,4029,2.101698448472237
1197,5369,2.101698448472237
1198,14357,2.101698448472237
1199,2053,2.1004747307880756
1200,14787,2.1004747307880756
1201,3515,2.0992524372982992
1202,5204,2.0992524372982992
1203,6590,2.0992524372982992
1204,9750,2.0992524372982992
1205,10687,2.0992524372982992
1206,4918,2.098614124131222
1207,3438,2.0980315655180823
1208,5559,2.0980315655180823
1209,760,2.0968121129683768
1210,8177,2.0968121129683768
1211,8672,2.0968121129683768
1212,9902,2.0968121129683768
1213,11632,2.0968121129683768
1214,13588,2.095594077175894
1215,1030,2.094377455673088
1216,8689,2.094377455673088
1217,9330,2.094377455673088
1218,4138,2.0919484456949506
1219,13095,2.0919484456949506
1220,13713,2.0919484456949506
1221,14051,2.0919484456949506
1222,1974,2.0907360523130976
1223,7140,2.0907360523130976
1224,7262,2.0907360523130976
1225,8237,2.0907360523130976
1226,14407,2.0907360523130976
1227,5660,2.0895250634078475
1228,6947,2.0888926511889183
1229,3766,2.0871072892764992
1230,745,2.085900499189167
1231,14872,2.0852702787457575
1232,1031,2.084695103855937
1233,7382,2.084695103855937
1234,10559,2.084695103855937
1235,13215,2.084695103855937
1236,1509,2.082288487790984
1237,4855,2.079887421815736
1238,6985,2.079887421815736
1239,9413,2.079887421815736
1240,13936,2.079887421815736
1241,8681,2.0786889641154396
1242,8690,2.0786889641154396
1243,4948,2.077491886753046
1244,7377,2.077491886753046
1245,14294,2.077491886753046
1246,14937,2.0762961873451977
1247,2852,2.075101863514019
1248,3912,2.075101863514019
1249,4041,2.075101863514019
1250,4899,2.075101863514019
1251,12708,2.075101863514019
1252,3274,2.073908912887104
1253,8890,2.073908912887104
1254,9048,2.073908912887104
1255,4028,2.0727173330974984
1256,10156,2.0727173330974984
1257,571,2.071527121783685
1258,5644,2.071527121783685
1259,14493,2.071527121783685
1260,14854,2.071527121783685
1261,13842,2.070338276589567
1262,14385,2.069150795164453
1263,2658,2.067964675163043
1264,14869,2.067964675163043
1265,27,2.0667799142454104
1266,4869,2.0667799142454104
1267,1619,2.0655965100769893
1268,9159,2.064414460328555
1269,7663,2.0632337626762136
1270,8232,2.0632337626762136
1271,14088,2.0632337626762136
1272,433,2.0620544148013837
1273,4414,2.0620544148013837
1274,12614,2.0620544148013837
1275,2153,2.060876414390783
1276,3836,2.060876414390783
1277,13087,2.060876414390783
1278,5777,2.0596997591364103
1279,13544,2.0596997591364103
1280,14668,2.0596997591364103
1281,1161,2.058524446735535
1282,6553,2.058524446735535
1283,1695,2.0573504748906775
1284,8411,2.0561778413095975
1285,4845,2.0550065437052756
1286,8340,2.0538365797959037
1287,12739,2.0538365797959037
1288,13991,2.0538365797959037
1289,1575,2.0515006439607215
1290,3863,2.0515006439607215
1291,4027,2.0515006439607215
1292,8691,2.0515006439607215
1293,24,2.0503346674972
1294,2285,2.0503346674972
1295,3182,2.0503346674972
1296,12465,2.049170015653176
1297,13051,2.049170015653176
1298,5778,2.048006686172659
1299,13729,2.048006686172659
1300,5239,2.045683985303775
1301,1145,2.04452460942897
1302,1570,2.0433665469447693
1303,9161,2.0433665469447693
1304,14354,2.0433665469447693
1305,9194,2.0422097956206375
1306,5535,2.0411875188149953
1307,11278,2.0410543532310896
1308,998,2.039900217555672
1309,11153,2.0387473863789527
1310,3865,2.037595857490503
1311,5879,2.037595857490503
1312,6387,2.037595857490503
1313,3994,2.035844933624839
1314,13632,2.0352966977616465
1315,12548,2.033002720785249
1316,14076,2.033002720785249
1317,14578,2.032976726684081
1318,6071,2.031857670355933
1319,97,2.030713909056644
1320,1464,2.030713909056644
1321,14509,2.030713909056644
1322,13948,2.029571434711599
1323,2582,2.028430245149907
1324,4024,2.028430245149907
1325,8602,2.027290338205559
1326,13523,2.027290338205559
1327,4201,2.026151711717411
1328,5808,2.02501436352917
1329,5431,2.023878291489385
1330,1630,2.022743493451428
1331,7308,2.022743493451428
1332,8477,2.022743493451428
1333,1075,2.0216099672734833
1334,6691,2.0216099672734833
1335,13848,2.0216099672734833
1336,9625,2.0193467219543497
1337,4328,2.018216998553467
1338,13423,2.018216998553467
1339,14890,2.018216998553467
1340,14543,2.0170885384931845
1341,855,2.014835399927321
1342,3628,2.014835399927321
1343,4844,2.014835399927321
1344,5817,2.014835399927321
1345,11054,2.014835399927321
1346,373,2.0137107172000066
1347,2304,2.0125872893697982
1348,7635,2.0125872893697982
1349,9805,2.0125872893697982
1350,5354,2.010344190008938
1351,7326,2.010344190008938
1352,5541,2.00922451429409
1353,13562,2.00922451429409
1354,14952,2.00810608510793
1355,7599,2.0069889003699863
1356,8254,2.0069889003699863
1357,8945,2.00475825593998
1358,9834,2.00475825593998
1359,12955,2.00475825593998
1360,7006,2.002532564452608
1361,7334,2.002532564452608
1362,12896,2.0014215709101655
1363,14677,2.000311809429829
1364,4430,2.0002866445783067
1365,1345,1.9992032779632487
1366,3472,1.9992032779632487
1367,7521,1.9992032779632487
1368,925,1.9980959744666131
1369,5389,1.9969898969006354
1370,4851,1.9958850432305428
1371,6552,1.9958850432305428
1372,1155,1.9947814114260618
1373,3734,1.9947814114260618
1374,5465,1.9936789994614075
1375,14819,1.9936789994614075
1376,8427,1.9903790624156195
1377,9301,1.9903790624156195
1378,14431,1.9903790624156195
1379,13728,1.9892815096417542
1380,6993,1.9881851666456813
1381,7866,1.9870900314282853
1382,10200,1.9870900314282853
1383,11123,1.9870900314282853
1384,13514,1.9859961019948547
1385,7349,1.9849033763550645
1386,8610,1.9849033763550645
1387,13554,1.9849033763550645
1388,13668,1.9849033763550645
1389,4699,1.9838118525229724
1390,7247,1.9838118525229724
1391,13833,1.9838118525229724
1392,1119,1.9832418028587315
1393,14858,1.982721528516998
1394,1446,1.9805444720788472
1395,1661,1.9805444720788472
1396,3215,1.9805444720788472
1397,4074,1.9805444720788472
1398,14710,1.9805444720788472
1399,2899,1.9794577357052356
1400,5558,1.9783721912748482
1401,4931,1.9762046704083287
1402,2825,1.9751226900652132
1403,7065,1.9751226900652132
1404,13805,1.9751226900652132
1405,971,1.9740418938513307
1406,7448,1.9729622798238617
1407,21,1.9718838460442343
1408,13402,1.9708065905781127
1409,2355,1.9697305114953865
1410,6577,1.9686556068701564
1411,8572,1.9686556068701564
1412,11237,1.9686556068701564
1413,168,1.9675818747807283
1414,12783,1.9675818747807283
1415,3290,1.9665093133095937
1416,10045,1.9665093133095937
1417,3414,1.9654379205434271
1418,4117,1.9654379205434271
1419,5561,1.9654379205434271
1420,6891,1.9654379205434271
1421,14833,1.9654379205434271
1422,1125,1.9643676945730677
1423,7060,1.9643676945730677
1424,11525,1.9632986334935123
1425,9254,1.9622307354039012
1426,50,1.9611639984075093
1427,4055,1.9611639984075093
1428,8478,1.9600984206117333
1429,9378,1.9600984206117333
1430,14731,1.9579707350721596
1431,14881,1.9579707350721596
1432,3406,1.9569086235636661
1433,10159,1.9569086235636661
1434,652,1.9558476637263742
1435,4742,1.9558476637263742
1436,9409,1.9547878536881254
1437,13726,1.9547878536881254
1438,2826,1.9537291915808155
1439,6895,1.9537291915808155
1440,12297,1.9537291915808155
1441,14689,1.9537291915808155
1442,3844,1.952671675540386
1443,2529,1.9516153037068122
1444,2691,1.9516153037068122
1445,4677,1.9516153037068122
1446,7163,1.9516153037068122
1447,10866,1.9516153037068122
1448,4297,1.9505600742240907
1449,4471,1.9505600742240907
1450,6690,1.9505600742240907
1451,14333,1.9505600742240907
1452,4044,1.9495059852402332
1453,13678,1.9495059852402332
1454,5370,1.948453034907248
1455,13998,1.948453034907248
1456,1532,1.9463505428218835
1457,6982,1.9463505428218835
1458,3062,1.9453009973934339
1459,3225,1.9453009973934339
1460,3906,1.9453009973934339
1461,8037,1.9453009973934339
1462,10320,1.9453009973934339
1463,7089,1.9442525832636965
1464,1778,1.9432052986045272
1465,5776,1.9432052986045272
1466,5779,1.9432052986045272
1467,10158,1.9421591415917174
1468,11642,1.9421591415917174
1469,14289,1.941114110404986
1470,1998,1.9400702032279664
1471,7016,1.9400702032279664
1472,13069,1.9400702032279664
1473,3393,1.9390274182481981
1474,9291,1.9390274182481981
1475,13727,1.9390274182481981
1476,14319,1.9390274182481981
1477,1797,1.9379857536571143
1478,3035,1.9379857536571143
1479,4176,1.9379857536571143
1480,2442,1.9369452076500333
1481,3402,1.9359057784261473
1482,5706,1.9359057784261473
1483,5747,1.9359057784261473
1484,856,1.9348674641885113
1485,2436,1.9348674641885113
1486,4944,1.9348674641885113
1487,660,1.9338302631440336
1488,1977,1.9338302631440336
1489,5638,1.9338302631440336
1490,7059,1.9338302631440336
1491,8029,1.9338302631440336
1492,3296,1.9327941735034655
1493,7420,1.9327941735034655
1494,2457,1.9317591934813911
1495,9137,1.9317591934813911
1496,13836,1.9317591934813911
1497,963,1.9307253212962143
1498,1165,1.9307253212962143
1499,3496,1.9307253212962143
1500,7899,1.9307253212962143
1501,14558,1.9307253212962143
1502,14810,1.9307253212962143
1503,2087,1.9296925551701547
1504,1757,1.9286608933292309
1505,5815,1.9286608933292309
1506,4405,1.9266008754258173
1507,12605,1.9245452534697802
1508,1806,1.9235190865771825
1509,5783,1.9235190865771825
1510,7306,1.9235190865771825
1511,2636,1.9224940134051085
1512,10157,1.9214700322059084
1513,14309,1.9214700322059084
1514,8792,1.9204471412356523
1515,1407,1.919425338754123
1516,4013,1.919425338754123
1517,6560,1.919425338754123
1518,10201,1.919425338754123
1519,2598,1.917384992314872
1520,4408,1.917384992314872
1521,4617,1.9163664448951847
1522,6070,1.9163664448951847
1523,6078,1.9143325930283266
1524,13919,1.9143325930283266
1525,14728,1.9133172851411946
1526,1708,1.912303053664364
1527,14279,1.912303053664364
1528,2242,1.9112898968869563
1529,4438,1.9112898968869563
1530,5775,1.9112898968869563
1531,8887,1.9112898968869563
1532,4075,1.910277813101718
1533,4427,1.910277813101718
1534,5491,1.909266800605009
1535,7343,1.909266800605009
1536,9023,1.9082568576967947
1537,13861,1.9082568576967947
1538,14549,1.9082568576967947
1539,14562,1.9082568576967947
1540,14909,1.9082568576967947
1541,9155,1.9062401738636738
1542,9582,1.9062401738636738
1543,14812,1.9062401738636738
1544,3173,1.9052334295566344
1545,4058,1.9052334295566344
1546,10776,1.9052334295566344
1547,11902,1.9052334295566344
1548,155,1.9042277480738066
1549,570,1.9042277480738066
1550,4607,1.9042277480738066
1551,6578,1.9042277480738066
1552,11109,1.9032231277330336
1553,13915,1.9032231277330336
1554,4023,1.9022195668557114
1555,8535,1.9022195668557114
1556,8727,1.9022195668557114
1557,14439,1.9022195668557114
1558,4497,1.9012170637667714
1559,13524,1.9012170637667714
1560,5097,1.9002156167946758
1561,3888,1.8992152242714062
1562,13857,1.8992152242714062
1563,7048,1.8982158845324557
1564,12780,1.8982158845324557
1565,5511,1.8952241654289101
1566,3736,1.8942290202520533
1567,5162,1.8942290202520533
1568,1787,1.8932349195893168
1569,6570,1.8932349195893168
1570,12645,1.8932349195893168
1571,14641,1.8922418617970653
1572,1808,1.8912498452351096
1573,6549,1.8912498452351096
1574,13501,1.8912498452351096
1575,3330,1.8892689292585103
1576,9615,1.88828002658064
1577,14025,1.88828002658064
1578,14291,1.88828002658064
1579,4202,1.887292158606598
1580,4210,1.887292158606598
1581,14680,1.887292158606598
1582,11693,1.8863053237132914
1583,13854,1.8863053237132914
1584,4301,1.885319520281025
1585,3157,1.884334746693484
1586,4823,1.883351001337732
1587,5339,1.883351001337732
1588,8595,1.883351001337732
1589,12571,1.883351001337732
1590,2038,1.8823682826041963
1591,13166,1.8813865888866643
1592,14153,1.8813865888866643
1593,1701,1.8804059185822706
1594,7679,1.8804059185822706
1595,13370,1.8804059185822706
1596,4673,1.8794262700914912
1597,4852,1.8794262700914912
1598,7912,1.877447863208437
1599,13084,1.8764934395555113
1600,8774,1.8745432990911648
1601,1869,1.8735697480780136
1602,6736,1.8735697480780136
1603,882,1.8725972077746038
1604,13020,1.8725972077746038
1605,13467,1.8716256766078212
1606,14297,1.8716256766078212
1607,8293,1.8706551530078168
1608,14857,1.8706551530078168
1609,13464,1.8687171222449992
1610,13943,1.8687171222449992
1611,1675,1.8677496119587245
1612,9130,1.8677496119587245
1613,9873,1.8677496119587245
1614,3174,1.8667831029922848
1615,5196,1.8667831029922848
1616,8653,1.8667831029922848
1617,286,1.865817593792018
1618,2947,1.865817593792018
1619,3385,1.865817593792018
1620,4289,1.865817593792018
1621,4490,1.865817593792018
1622,7388,1.865817593792018
1623,3389,1.8648530828074743
1624,8396,1.8648530828074743
1625,12914,1.8648530828074743
1626,404,1.8629270492997712
1627,727,1.8619655236917
1628,4306,1.8619655236917
1629,4946,1.8619655236917
1630,758,1.8610049901295143
1631,2679,1.8600454470787013
1632,4036,1.8600454470787013
1633,14836,1.8600454470787013
1634,3623,1.858129326388962
1635,4208,1.858129326388962
1636,8726,1.8576292095072147
1637,3249,1.857172745696797
1638,4637,1.857172745696797
1639,8319,1.857172745696797
1640,14471,1.856217149409513
1641,4883,1.854308903977607
1642,14716,1.854308903977607
1643,14714,1.853356251804792
1644,86,1.8524045779804583
1645,4143,1.8505041593549894
1646,4209,1.8495554115504524
1647,8168,1.8486076360875752
1648,8554,1.8486076360875752
1649,8342,1.8467149962137894
1650,4884,1.8457701288240147
1651,13159,1.8457701288240147
1652,13180,1.8457701288240147
1653,5819,1.844826227818153
1654,7643,1.844826227818153
1655,7742,1.844826227818153
1656,3199,1.842000308300898
1657,4111,1.842000308300898
1658,7664,1.8410602580426507
1659,7440,1.8401211667893804
1660,8389,1.8401211667893804
1661,8410,1.8401211667893804
1662,3531,1.8391830330743224
1663,14817,1.8382458554337018
1664,3949,1.8373096324067255
1665,5599,1.8373096324067255
1666,5774,1.8373096324067255
1667,6550,1.8373096324067255
1668,9287,1.8363743625355748
1669,7128,1.8354400443653978
1670,7938,1.8354400443653978
1671,13803,1.8354400443653978
1672,1310,1.8345066764443023
1673,7083,1.8345066764443023
1674,4636,1.8335742573233478
1675,9162,1.8335742573233478
1676,11081,1.8335742573233478
1677,9033,1.8307826783160426
1678,13853,1.8307826783160426
1679,10826,1.829854039965019
1680,147,1.8289263432134493
1681,7038,1.8270737687860217
1682,7809,1.8252249436174215
1683,2085,1.8243019334502049
1684,10405,1.8243019334502049
1685,9555,1.8224587108651278
1686,8654,1.8215384956219287
1687,12648,1.8215384956219287
1688,13965,1.8215384956219287
1689,14228,1.8215384956219287
1690,1813,1.8206192091994826
1691,13396,1.8206192091994826
1692,4040,1.8197008501922394
1693,2092,1.817866908815322
1694,3887,1.817866908815322
1695,3894,1.817866908815322
1696,4484,1.817866908815322
1697,5132,1.817866908815322
1698,5464,1.817866908815322
1699,9020,1.817866908815322
1700,3687,1.8169513236486912
1701,10203,1.8169513236486912
1702,13856,1.8169513236486912
1703,2195,1.8160366603033335
1704,6633,1.8160366603033335
1705,5248,1.8151229173878
1706,6172,1.8151229173878
1707,9501,1.8151229173878
1708,13622,1.8151229173878
1709,2526,1.8132981872943967
1710,3621,1.8132981872943967
1711,10053,1.8132981872943967
1712,14048,1.8123871973475947
1713,5811,1.8114771222927402
1714,885,1.8105679607523077
1715,3001,1.8105679607523077
1716,3909,1.8105679607523077
1717,2061,1.809659711351538
1718,5664,1.809659711351538
1719,967,1.8087523727184276
1720,4868,1.8087523727184276
1721,6954,1.8087523727184276
1722,14615,1.8087523727184276
1723,5163,1.807845943483724
1724,9452,1.807845943483724
1725,1873,1.8069404222809171
1726,6672,1.8069404222809171
1727,12598,1.8069404222809171
1728,14631,1.8069404222809171
1729,14162,1.8051320985186334
1730,4276,1.8042292932397919
1731,1707,1.8024263891086805
1732,2373,1.8024263891086805
1733,4312,1.8015262875533222
1734,7900,1.8015262875533222
1735,1480,1.8006270845405339
1736,2615,1.8006270845405339
1737,13808,1.8006270845405339
1738,14359,1.8006270845405339
1739,8735,1.797934853322915
1740,11049,1.797934853322915
1741,5842,1.7970392310591152
1742,5019,1.7961445006406014
1743,4194,1.795250660735909
1744,2552,1.7943577100162245
1745,5803,1.7934656471553754
1746,13651,1.7934656471553754
1747,14122,1.7934656471553754
1748,2141,1.7925744708298261
1749,3518,1.7916841797186702
1750,14517,1.7899062478690184
1751,4814,1.7890186045017977
1752,5881,1.7890186045017977
1753,6195,1.7881318410915068
1754,13543,1.7881318410915068
1755,13871,1.7881318410915068
1756,5871,1.7872459563302887
1757,5458,1.7863609489128762
1758,6558,1.7863609489128762
1759,12487,1.7863609489128762
1760,9745,1.785476817536587
1761,8920,1.783711177709529
1762,14368,1.7828296666662573
1763,6688,1.781949026479092
1764,7249,1.781949026479092
1765,1535,1.780190353516192
1766,1477,1.7793123181683739
1767,3678,1.7793123181683739
1768,5517,1.7784351485324807
1769,5298,1.7775588433288019
1770,8391,1.7771011520045163
1771,3549,1.7766834012801465
1772,4014,1.7766834012801465
1773,5211,1.7766834012801465
1774,6227,1.7766834012801465
1775,8952,1.7766834012801465
1776,5866,1.7758088211118397
1777,8710,1.7758088211118397
1778,1102,1.7749351015517139
1779,8300,1.7749351015517139
1780,4416,1.7740622413301053
1781,5498,1.7740622413301053
1782,5771,1.7740622413301053
1783,4200,1.773190239179845
1784,13966,1.773190239179845
1785,733,1.7723190938362559
1786,2444,1.7723190938362559
1787,7097,1.769710786035958
1788,7120,1.7688430553218624
1789,14262,1.7688430553218624
1790,7760,1.767110144205068
1791,9104,1.767110144205068
1792,12505,1.767110144205068
1793,2621,1.7662449613050875
1794,14329,1.7662449613050875
1795,1290,1.7653806251832707
1796,1322,1.7653806251832707
1797,12771,1.7653806251832707
1798,1783,1.764517134597078
1799,3931,1.764517134597078
1800,8884,1.764517134597078
1801,4362,1.7636544883064003
1802,1183,1.7627926850735514
1803,5707,1.7627926850735514
1804,8917,1.7610716028426827
1805,9026,1.7610716028426827
1806,3460,1.7602123213813579
1807,4872,1.7602123213813579
1808,4233,1.7584962716266759
1809,4472,1.7584962716266759
1810,14632,1.7584962716266759
1811,5751,1.7576395008843984
1812,1771,1.7567835646035246
1813,7055,1.7567835646035246
1814,8624,1.7567835646035246
1815,13317,1.7567835646035246
1816,5869,1.7559284615655486
1817,9238,1.7559284615655486
1818,1360,1.7542207503561165
1819,1571,1.7542207503561165
1820,4731,1.7542207503561165
1821,6673,1.7542207503561165
1822,8521,1.7542207503561165
1823,12104,1.7533681397594811
1824,8731,1.7525163575553744
1825,6194,1.7516654025370886
1826,3777,1.749117488565189
1827,6193,1.749117488565189
1828,8337,1.749117488565189
1829,5587,1.7482698302698805
1830,630,1.7474229931618819
1831,8332,1.7474229931618819
1832,4302,1.7465769760484569
1833,1639,1.7457317777391765
1834,6655,1.7457317777391765
1835,4263,1.7448873970459169
1836,1177,1.74404383278285
1837,3917,1.7423591488154413
1838,14370,1.741518026750883
1839,6493,1.7406777163960743
1840,3717,1.7389995261202806
1841,13432,1.7389995261202806
1842,5680,1.7373245686198244
1843,517,1.7364882992426383
1844,3825,1.7364882992426383
1845,8743,1.7364882992426383
1846,9819,1.7364882992426383
1847,3456,1.7348181734185744
1848,3535,1.7348181734185744
1849,3853,1.7348181734185744
1850,4514,1.7348181734185744
1851,7903,1.7348181734185744
1852,5143,1.733984314652096
1853,7406,1.733984314652096
1854,1889,1.7331512571066334
1855,3902,1.7323189996279504
1856,5300,1.7323189996279504
1857,8763,1.7314875410640265
1858,11689,1.7314875410640265
1859,12928,1.7314875410640265
1860,13262,1.7306568802650524
1861,4078,1.7298270160834222
1862,2660,1.728997947373732
1863,5145,1.728997947373732
1864,13142,1.728997947373732
1865,5853,1.7273421917995233
1866,13741,1.7273421917995233
1867,7368,1.7256896044229924
1868,9911,1.7256896044229924
1869,1104,1.7248644959685713
1870,3718,1.7248644959685713
1871,5294,1.7248644959685713
1872,8366,1.7248644959685713
1873,9296,1.7248644959685713
1874,4033,1.7240401761595718
1875,5313,1.7240401761595718
1876,5716,1.723216643865843
1877,14392,1.7215719373143819
1878,4481,1.72075076080712
1879,12718,1.72075076080712
1880,8687,1.7191107557217877
1881,3405,1.7182919249070303
1882,7520,1.7182919249070303
1883,14514,1.7182919249070303
1884,4519,1.7174738737566364
1885,8829,1.7174738737566364
1886,12400,1.7166566011575788
1887,6934,1.7158401059989485
1888,7271,1.7150243871719477
1889,9359,1.7150243871719477
1890,3719,1.7085264521321488
1891,4491,1.7077176707400454
1892,6795,1.7077176707400454
1893,13770,1.7069096547066935
1894,2132,1.7052959143747484
1895,811,1.7044901879105354
1896,1163,1.7036852224738246
1897,4092,1.7036852224738246
1898,9785,1.7028810169869126
1899,4499,1.70207757037413
1900,5057,1.70207757037413
1901,8697,1.70207757037413
1902,9081,1.70207757037413
1903,5514,1.701274881561836
1904,8585,1.701274881561836
1905,9395,1.6996717730542692
1906,8860,1.698871351221818
1907,8017,1.6980716829154898
1908,4424,1.6972546493707197
1909,6391,1.6964746026289368
1910,7914,1.695677188527576
1911,8169,1.695677188527576
1912,4856,1.69408460712079
1913,13863,1.69408460712079
1914,2234,1.6932894377061622
1915,8274,1.6932894377061622
1916,4207,1.6924950144145419
1917,6663,1.6924950144145419
1918,4261,1.6917013361962683
1919,2573,1.6909084020036498
1920,4016,1.6909084020036498
1921,5603,1.6909084020036498
1922,3570,1.690116210790957
1923,5359,1.6893247615144202
1924,4695,1.6885340531322235
1925,4865,1.6885340531322235
1926,5182,1.6877440846045
1927,3277,1.6869548548933295
1928,3002,1.6861663629627301
1929,13699,1.6845915883089997
1930,5442,1.6838053035235687
1931,5872,1.6838053035235687
1932,12245,1.6830197523941015
1933,500,1.682234933894252
1934,8880,1.682234933894252
1935,4415,1.6806674906875865
1936,10892,1.6775413508823045
1937,1956,1.6759826380296023
1938,7148,1.675204367325015
1939,8870,1.675204367325015
1940,3431,1.672873886014984
1941,5233,1.6720984991672958
1942,4811,1.6713238307792915
1943,9876,1.6690041264015594
1944,2411,1.6666908523398267
1945,5781,1.6666908523398267
1946,7410,1.6666908523398267
1947,7535,1.6666908523398267
1948,4038,1.664383981893449
1949,1295,1.6636164435099803
1950,4585,1.6636164435099803
1951,7168,1.6628496127079693
1952,4409,1.6605533560195738
1953,14796,1.6605533560195738
1954,1014,1.6597893457812751
1955,6949,1.6597893457812751
1956,1647,1.659026038252352
1957,14547,1.657501527448232
1958,5857,1.6559798158762025
1959,1915,1.6552200073940393
1960,14940,1.654460895833615
1961,12077,1.6537024802365088
1962,14246,1.6521877331073478
1963,176,1.6514313996672194
1964,3333,1.6514313996672194
1965,5219,1.6514313996672194
1966,13414,1.6514313996672194
1967,14811,1.6514313996672194
1968,2989,1.6506757583742533
1969,8822,1.6506757583742533
1970,4523,1.6484129778902334
1971,4647,1.6484129778902334
1972,9074,1.6484129778902334
1973,7582,1.647660095706488
1974,8742,1.6461563926462648
1975,14382,1.6446554317307516
1976,1137,1.643157205465941
1977,5252,1.6416617063851084
1978,13331,1.6409149772127618
1979,8821,1.637934841357275
1980,13431,1.6364488290108923
1981,9557,1.634965510582534
1982,5221,1.6334848787533285
1983,14539,1.6320069262308923
1984,5137,1.6312689524380566
1985,1719,1.6283237192732636
1986,441,1.6275890719751787
1987,14104,1.6268550872766214
1988,6905,1.6261217642815704
1989,3873,1.6246570998259677
1990,5372,1.6224650436109604
1991,8677,1.621735672110654
1992,8273,1.6210069560867104
1993,14226,1.6210069560867104
1994,1715,1.6195514869366774
1995,13369,1.6180986291142334
1996,5193,1.6159242232674413
1997,9068,1.6159242232674413
1998,3626,1.615200719391803
1999,7978,1.615200719391803
2000,4084,1.6137556535244226
2001,3580,1.61231317104962
2002,13525,1.61231317104962
2003,14572,1.6108732650459558
2004,788,1.6101542760646088
2005,2867,1.6101542760646088
2006,4254,1.6101542760646088
2007,13462,1.609435928616694
2008,5500,1.6087182218439615
2009,3181,1.6080011548896918
2010,4456,1.6080011548896918
2011,8762,1.6072847268986912
2012,12478,1.60656893701729
2013,8265,1.6058537843933387
2014,5249,1.6051392681762042
2015,13397,1.6044253875167669
2016,13914,1.6029995294820498
2017,14060,1.6022875504160663
2018,7968,1.601576203526366
2019,14173,1.5994459475063898
2020,2278,1.5987371209207004
2021,4364,1.5987371209207004
2022,5382,1.5987371209207004
2023,1862,1.5973213508646416
2024,3369,1.5973213508646416
2025,966,1.5952023910784245
2026,1698,1.5909812925777744
2027,2905,1.5902799470580582
2028,5740,1.5888791094115624
2029,6890,1.5881796156528944
2030,8303,1.5874807375184146
2031,2018,1.5860848248740138
2032,7399,1.5860848248740138
2033,5336,1.5853877887436587
2034,1340,1.5839955528262273
2035,9640,1.5826057599958263
2036,3283,1.5819117777295593
2037,8818,1.5819117777295593
2038,6990,1.5791419243166727
2039,12550,1.5784509758889236
2040,4390,1.5770708913809142
2041,8323,1.5763817537167595
2042,13478,1.5763817537167595
2043,1628,1.5750052836187873
2044,5522,1.574317949609361
2045,7892,1.574317949609361
2046,3940,1.571574602184011
2047,11080,1.5708902585691424
2048,7817,1.5702065106909802
2049,7733,1.5698506671110548
2050,8239,1.56952335777196
2051,9521,1.5674774610143685
2052,13513,1.566796680183271
2053,2647,1.5654368910262213
2054,4684,1.564974685711927
2055,7567,1.5640794600860817
2056,8707,1.5613716483605615
2057,14115,1.5606961597633986
2058,4190,1.5600212553801607
2059,9668,1.5586731962264457
2060,2871,1.5533041772916587
2061,1861,1.5526356495478835
2062,317,1.5519676970128526
2063,11323,1.5513003189445116
2064,6986,1.5506335146020809
2065,2421,1.549301624138198
2066,13648,1.549301624138198
2067,2585,1.5439968640382455
2068,13334,1.5406997967175993
2069,8518,1.5374167805771413
2070,3854,1.5361074883481245
2071,1903,1.5341477259845564
2072,14793,1.5341477259845564
2073,6502,1.530243164638539
2074,3269,1.5282983276211708
2075,4256,1.5237795425235618
2076,14185,1.518647827038578
2077,67,1.5148216663709568
2078,7771,1.5097500089842844
2079,13624,1.5097500089842844
2080,5289,1.5084873964575447
2081,9608,1.5078568818106908
2082,3533,1.5059684964050575
2083,4391,1.502205879814693
2084,5529,1.5015806042188784
2085,2817,1.4997078967000417
2086,4161,1.4978398544853069
2087,4516,1.4965970762425032
2088,7212,1.495356358590259
2089,8753,1.495356358590259
2090,3997,1.4947367708847459
2091,14626,1.4928810845919902
2092,9006,1.4922635459810913
2093,6385,1.4916465180555452
2094,4669,1.487955039507515
2095,14901,1.4867286035567404
2096,4257,1.4861161434296077
2097,5391,1.484892735752455
2098,9403,1.483671340697562
2099,1447,1.4812345686214516
2100,5520,1.478199836479602
2101,11937,1.476989422580594
2102,14652,1.476384958681271
2103,4588,1.4751775139445107
2104,3660,1.4745745318946641
2105,4829,1.4727685397655892
2106,8676,1.4697683635128758
2107,3634,1.4667803857265609
2108,3571,1.4632108098626888
2109,2956,1.4620248089859105
2110,2963,1.4620248089859105
2111,614,1.4614325292373793
2112,3913,1.4590682012396357
2113,7867,1.4584783140838646
2114,3476,1.456123527473226
2115,657,1.4555360184416497
2116,7077,1.4514366923569988
2117,14900,1.447360391851183
2118,5754,1.4467799315392145
2119,8758,1.444462738677946
2120,1084,1.4438845997685408
2121,4561,1.4427297092222884
2122,14608,1.4415766646770383
2123,551,1.4404254617102958
2124,2537,1.4398505494406963
2125,5299,1.4398505494406963
2126,4687,1.438402261815271
2127,13121,1.4369828582675581
2128,8005,1.433556671170261
2129,4674,1.431281608735459
2130,14802,1.431281608735459
2131,7583,1.4290137559324838
2132,7526,1.426189026367317
2133,4057,1.4256254199980987
2134,2566,1.4239372704607751
2135,5420,1.4228140568133874
2136,7593,1.4228140568133874
2137,4383,1.4188967251328601
2138,7069,1.4172244641656462
2139,14885,1.4166679194401515
2140,5870,1.4161118116538307
2141,7988,1.4155561402923291
2142,4186,1.4144461047903987
2143,13750,1.4133378088356343
2144,5325,1.4111264192368298
2145,4242,1.4100233174593184
2146,5527,1.405628102862949
2147,2236,1.4045335772612388
2148,7559,1.3990864184399672
2149,2056,1.398002052877225
2150,5508,1.3974605001819385
2151,5919,1.395838356589289
2152,5720,1.3915309946059786
2153,4681,1.3851075003317417
2154,6937,1.3803496339840915
2155,4880,1.3792941069714857
2156,13306,1.378240193008122
2157,4801,1.3756124409710695
2158,8190,1.368307759351324
2159,13212,1.36675255196861
2160,4486,1.3657177095996782
2161,5669,1.3621080693708998
2162,7684,1.355454827103214
2163,9471,1.3513927329450135
2164,4340,1.3388541565497145
2165,4220,1.3280111171963602
2166,5533,1.3236257818521666
2167,4773,1.3187870310450234
2168,9174,1.3178235231225262
2169,13274,1.3135051029046014
2170,6008,1.3125492946998356
2171,4316,1.305897389005948
2172,13275,1.3030671671695515
2173,8014,1.3011871581483054
2174,4951,1.2904815149792752
2175,4771,1.2895589088381119
2176,5275,1.2849655956601307
2177,4772,1.279950597665204
2178,14840,1.2736242082687859
2179,5769,1.2669149671113114
2180,10845,1.246773722214827
2181,1430,1.2446229776684823
2182,7581,1.2433360889901175
2183,4954,1.2420518587423743
2184,1196,1.230192418856616
2185,664,1.208353245282291
2186,3554,1.1947468806146073
2187,312,1.18454700388498
2188,9008,1.1791265690095016
2189,347,1.1745111350619601
2190,5759,1.1487141622172388
2191,4082,1.147983072245956
2192,3750,1.1378446619432039
2193,4157,1.0986859531378848
2194,4660,1.0926882797583046
2195,2837,1.0537560918964903
2196,2262,0.9912164050917059
2197,5525,0.9337467022128193
2198,4676,0.8588330291351066
2199,7578,0.8315148830641456
2200,3178,0.777903118805786
2201,4693,0.6776599435023664
